StrandDecidingMethod,Sample,A2CEditingIndex,A2GEditingIndex,A2TEditingIndex,C2AEditingIndex,C2GEditingIndex,C2TEditingIndex
StrandedData,2112sTS.Human.Liver.11w.Male,0.046856135,1.29047294,0.096130968,0.129142104,0.045514262,0.195213304
StrandedData,5724sTS.Human.Hindbrain.13w.Male,0.037287874,2.453786494,0.068920036,0.092627013,0.036324785,0.17042549
StrandedData,2054sTS.Human.Hindbrain.9w.Female,0.038777494,2.306799711,0.081767242,0.068005396,0.037596127,0.173880026
StrandedData,5660sTS.Human.Heart.18w.Male,0.030938301,1.047109308,0.06045719,0.066918422,0.023972813,0.133957811
StrandedData,5779sTS.Human.Kidney.19w.Male,0.038360275,3.83449232,0.059477708,0.074668728,0.039686923,0.156169747
StrandedData,3637sTS.Human.Hindbrain.CS21.Male,0.040932901,1.408129723,0.092709994,0.098357554,0.034935561,0.190964266
StrandedData,5548sTS.Human.Liver.15dpb.Male,0.045676024,3.042328795,0.087817577,0.076779066,0.04429165,0.199618563
StrandedData,5655sTS.Human.Kidney.13w.Male,0.037855994,1.889572399,0.087114288,0.076076368,0.034583754,0.17494114
StrandedData,5708sTS.Human.Hindbrain.12w.Female,0.049796979,2.555138329,0.091635774,0.096378077,0.047445835,0.211770289
StrandedData,5574sTS.Human.Brain.39ypb.Male,0.056614128,3.935895016,0.082995862,0.089542994,0.058470841,0.240547749
StrandedData,5742sTS.Human.Hindbrain.6w.Female,0.032452937,1.383851786,0.055034957,0.090449428,0.027586658,0.133271681
StrandedData,5938sTS.Human.Heart.13w.Male,0.052144497,1.141728154,0.806748435,0.116543474,0.039579619,0.626455815
StrandedData,6046sTS.Human.Cerebellum.8ypb.Female,0.042408703,3.963343741,0.05846163,0.111888658,0.039924946,0.158781347
StrandedData,2090sTS.Human.Testis.CS18.Male,0.04191645,1.783640246,0.097206734,0.075171851,0.042227296,0.189161695
StrandedData,5547sTS.Human.Cerebellum.39ypb.Male,0.06500282,4.799349488,0.093842541,0.107477733,0.06851274,0.257922538
StrandedData,6102sTS.Human.Testis.6mpb.Male,0.058808199,3.67424018,0.175803111,0.109301407,0.056216719,0.306106195
StrandedData,1990sTS.Human.Testis.CS22.Male,0.037458123,1.6382103,0.072730486,0.067179341,0.034180086,0.17320444
StrandedData,5713sTS.Human.Kidney.13w.Male,0.043508786,2.71835176,0.078080275,0.097410219,0.040497891,0.189599152
StrandedData,2074sTS.Human.Testis.9w.Male,0.05210575,1.746293915,0.111269912,0.109879285,0.05289075,0.23263769
StrandedData,5519sTS.Human.Cerebellum.15dpb.Female,0.045388392,2.888034219,0.077705055,0.098374032,0.044584974,0.189237942
StrandedData,5946sTS.Human.Testis.16w.Male,0.03884975,2.087593828,0.143652067,0.072760402,0.03290832,0.23258567
StrandedData,2052sTSm.Human.Ovary.9w.Female,0.046556257,2.014096192,0.070318658,0.075014976,0.039469249,0.171854018
StrandedData,5768sTS.Human.Brain.19w.Male,0.02905988,1.609109578,0.053501615,0.06865948,0.02833136,0.130518866
StrandedData,2036sTSm.Human.Hindbrain.8w.Male,0.04107719,3.315703199,0.082047998,0.070391624,0.041569302,0.188799266
StrandedData,5780sTS.Human.Heart.19w.Male,0.038057011,1.54882178,0.102034741,0.082759817,0.033659338,0.190022246
StrandedData,2071sTS.Human.Heart.9w.Male,0.046517838,1.559621714,0.111909199,0.088882025,0.047709666,0.222193195
StrandedData,5623sTS.Human.Ovary.4w.Female,0.047916875,1.727373165,0.117234637,0.097530285,0.044076988,0.225340139
StrandedData,5954sTS.Human.Liver.13w.Female,0.029969573,0.990960426,0.055911665,0.068393385,0.027305589,0.155285285
StrandedData,5624sTS.Human.Forebrain.4w.Male,0.03976321,1.496120228,0.076816319,0.081565087,0.035075707,0.162389627
StrandedData,5649sTS.Human.Kidney.5w.Male,0.062473519,2.123771332,0.095776089,0.110348583,0.059262231,0.183542615
StrandedData,2086sTSm.Human.Brain.CS23.Female,0.050966159,1.523642162,0.080773979,0.07937299,0.03918694,0.174009526
StrandedData,5524sTS.Human.Brain.58ypb.Male,0.04844857,3.429185163,0.076497987,0.103718222,0.048136798,0.190058616
StrandedData,5533sTS.Human.Brain.39ypb.Male,0.053122674,3.474440866,0.095732573,0.115431951,0.05510117,0.216758134
StrandedData,5839sTS.Human.Heart.2ypb.Male,0.047530841,1.598735536,0.499659104,0.104654751,0.028791481,0.458636821
StrandedData,3574sTS.Human.Liver.CS20.Female,0.037364929,1.280639795,0.112869953,0.062688356,0.032241607,0.188198895
StrandedData,5670sTS.Human.Hindbrain.13w.Male,0.042454298,3.547912169,0.073118201,0.076395541,0.041631811,0.181663242
StrandedData,5680sTS.Human.Kidney.9w.Male,0.034562285,1.78761503,0.088494193,0.094863746,0.035541123,0.229582541
StrandedData,2095sTS.Human.Ovary.10w.Female,0.053598514,2.683394218,0.108652645,0.094990414,0.057173848,0.219772245
StrandedData,5778sTS.Human.Testis.19w.Male,0.03991109,4.327163172,0.063361613,0.071072912,0.041940887,0.168892239
StrandedData,3641sTS.Human.Liver.CS19.Male,0.037537987,1.528002683,0.090376495,0.088671388,0.033885292,0.184453687
StrandedData,5677sTS.Human.Ovary.10w.Female,0.040835725,3.023564025,0.070352377,0.082168669,0.038564672,0.176179866
StrandedData,5638sTS.Human.Ovary.5w.Female,0.037595434,2.361154451,0.118534387,0.091028245,0.032138455,0.18609557
StrandedData,5625sTS.Human.Hindbrain.4w.Male,0.056467623,1.571990788,0.094229056,0.099240022,0.051457308,0.197812683
StrandedData,5949sTS.Human.Ovary.18w.Female,0.039597274,1.784757501,0.079583616,0.080782586,0.035290876,0.173813054
StrandedData,5556sTS.Human.Liver.2ypb.Female,0.075332567,3.58765574,0.102452155,0.13768345,0.079688501,0.243058828
StrandedData,2092sTS.Human.Heart.10w.Female,0.037617798,1.136595316,0.087334041,0.09715188,0.030636992,0.184454073
StrandedData,5716sTS.Human.Testis.13w.Male,0.040664905,3.124928733,0.075717686,0.086989732,0.039527441,0.184421267
StrandedData,5678sTS.Human.Liver.10w.Female,0.035567514,2.497323204,0.073608268,0.074833125,0.03281916,0.172159141
StrandedData,5555sTS.Human.Cerebellum.221dpb.Male,0.053874757,3.461823254,0.077500787,0.11692461,0.055782803,0.21136938
StrandedData,5528sTS.Human.Liver.221dpb.Male,0.049617662,3.255394462,0.085490481,0.095623871,0.048507133,0.195879538
StrandedData,5520sTS.Human.Cerebellum.29ypb.Male,0.058610766,5.11237506,0.08014344,0.1003123,0.066622074,0.245929528
StrandedData,5521sTS.Human.Brain.271dpb.Male,0.045868691,2.977115795,0.080403265,0.097580261,0.042975793,0.184067112
StrandedData,5743sTS.Human.Hindbrain.10w.Female,0.035943003,2.58976366,0.055670746,0.092756652,0.03447725,0.146804086
StrandedData,5909sTS.Human.Heart.6mpb.Female,0.066284432,1.888141872,1.051103739,0.175208325,0.055251473,1.037713251
StrandedData,2096sTS.Human.Cerebellum.11w.Male,0.048058201,2.3587071,0.102337617,0.088408398,0.050121302,0.210671601
StrandedData,5568sTS.Human.Cerebellum.270dpb.Male,0.048761476,3.409368477,0.069780779,0.098563309,0.050559728,0.198099677
StrandedData,2030sTSb.Human.Heart.CS22.Male,0.035290418,1.322056312,0.0618808,0.057451306,0.027600336,0.146753629
StrandedData,2068sTS.Human.Brain.9w.Male,0.036226457,1.537426439,0.074412584,0.06644427,0.034372737,0.155247511
StrandedData,5567sTS.Human.Cerebellum.7ypb.Male,0.05310244,4.538640074,0.077246008,0.095403822,0.060203676,0.223799269
StrandedData,5781sTS.Human.Liver.19w.Female,0.027871882,1.510889041,0.063150053,0.047727129,0.027140418,0.13653498
StrandedData,5637sTS.Human.Hindbrain.11w.Female,0.035890688,2.437544904,0.076441507,0.071185834,0.032475125,0.160720026
StrandedData,5920sTS.Human.Ovary.7w.Female,0.040043124,1.446378435,0.076526161,0.076970313,0.03296897,0.193789823
StrandedData,5515sTS.Human.Brain.14ypb.Male,0.060806854,2.938791671,0.086603959,0.14881376,0.062391164,0.19312646
StrandedData,3642sTS.Human.Testis.CS19.Male,0.034830866,1.787186418,0.104118774,0.087480457,0.031985703,0.193975622
StrandedData,5560sTS.Human.Testis.221dpb.Male,0.0467948,3.405599068,0.073896262,0.082661052,0.046063473,0.195276271
StrandedData,5525sTS.Human.Cerebellum.58ypb.Male,0.056128779,4.390763135,0.084959332,0.106381488,0.060476918,0.234878714
StrandedData,5937sTS.Human.Testis.13w.Male,0.044342366,2.00426952,0.223430334,0.089842459,0.035905368,0.287182454
StrandedData,2017sTSm.Human.Liver.CS22.Female,0.036752979,1.621584861,0.07292381,0.066867159,0.034713339,0.160082095
StrandedData,2032sTSm.Human.Heart.CS22.Female,0.038686519,1.395434186,0.08622582,0.070827812,0.03667587,0.191464619
StrandedData,5643sTS.Human.Kidney.6w.Female,0.03533198,2.167876373,0.098476081,0.082369625,0.030399482,0.173324558
StrandedData,3674sTS.Human.Hindbrain.CS17.Female,0.036493809,1.983933487,0.073624602,0.083996842,0.031994943,0.16076499
StrandedData,5834sTS.Human.Kidney.34dpb.Male,0.055135143,2.386123811,0.338362035,0.147015526,0.044963547,0.40145338
StrandedData,2035sTSm.Human.Forebrain.8w.Male,0.040395561,3.249291961,0.078737795,0.068994695,0.041035917,0.188742617
StrandedData,2024sTSb.Human.Heart.10w.Male,0.034393223,0.952903899,0.057870183,0.052582042,0.025307125,0.142017841
StrandedData,5842sTS.Human.Cerebellum.0dpb.Female,0.040771137,2.431814244,0.070950552,0.086798306,0.036631666,0.184792107
StrandedData,2110sTS.Human.Testis.11w.Male,0.048218407,1.827884977,0.105740724,0.125069487,0.043193838,0.210463244
StrandedData,2111sTS.Human.Forebrain.11w.Male,0.043569245,1.813329461,0.100888368,0.086866038,0.047666911,0.202965134
StrandedData,5650sTS.Human.Kidney.6w.Male,0.070590123,2.322092397,0.100128896,0.126064318,0.072207941,0.191975921
StrandedData,5819sTS.Human.Kidney.226dpb.Female,0.043524109,2.349944189,0.18641127,0.089738653,0.037977062,0.253557295
StrandedData,5539sTS.Human.Brain.221dpb.Male,0.130421477,2.892844392,0.159792989,0.203949305,0.129931452,0.510513243
StrandedData,5771sTS.Human.Kidney.20w.Female,0.035474994,1.59048547,0.059316286,0.079958981,0.033432516,0.150740787
StrandedData,2085sTSm.Human.Liver.CS23.Female,0.049879204,1.298960958,0.07847596,0.097659514,0.038670198,0.169189358
StrandedData,5687sTS.Human.Kidney.16w.Male,0.037256363,1.13085881,0.112702993,0.125556047,0.039854256,0.262736243
StrandedData,5657sTS.Human.Liver.18w.Male,0.030417266,1.327049017,0.069887872,0.06941157,0.025340003,0.145900785
StrandedData,5559sTS.Human.Cerebellum.2ypb.Female,0.04871423,3.581610504,0.073569878,0.089129823,0.049727875,0.207510776
StrandedData,5916sTS.Human.Testis.5w.Male,0.030917394,2.235980005,0.055963612,0.080692821,0.026481026,0.149409535
StrandedData,5561sTS.Human.Testis.14ypb.Male,0.043424912,2.570602742,0.065993696,0.089191475,0.045381998,0.193426446
StrandedData,2016sTSm.Human.Liver.CS22.Male,0.037206854,1.404227467,0.078189832,0.072587303,0.035718192,0.167238953
StrandedData,3671sTS.Human.Heart.CS16.Male,0.036574438,1.859366527,0.076251327,0.090008223,0.033072475,0.167352464
StrandedData,2034sTS.Human.Forebrain.CS22.Female,0.036621528,1.850161497,0.082271002,0.066510222,0.038311046,0.178371445
StrandedData,5836sTS.Human.Heart.127dpb.Male,0.064459244,1.407228338,1.761137219,0.139325608,0.047734838,1.270554331
StrandedData,5675sTS.Human.Kidney.7w.Male,0.044686006,1.72667415,0.091879159,0.088200759,0.033771708,0.182098627
StrandedData,3779sTS.Human.Liver.11w.Female,0.068371537,1.197728006,0.153319739,0.167199238,0.06681666,0.256838587
StrandedData,5629sTS.Human.Liver.5w.Male,0.035512865,1.840810311,0.143171357,0.071059538,0.032156412,0.210312916
StrandedData,2088sTS.Human.Heart.CS18.Male,0.061633292,1.612421287,0.105569873,0.086662507,0.046107018,0.219479527
StrandedData,5701sTS.Human.Heart.16w.Male,0.035080591,0.793832832,0.143880258,0.085085408,0.028324492,0.249176103
StrandedData,5948sTS.Human.Liver.18w.Female,0.037825158,1.319718463,0.295572682,0.09447012,0.032678233,0.301563468
StrandedData,2020sTSm.Human.Testis.8w.Male,0.053226317,3.189695876,0.103081317,0.106255203,0.056613162,0.245356498
StrandedData,5563sTS.Human.Liver.39ypb.Male,0.050681285,3.549779242,0.08312825,0.099434197,0.054951552,0.21767339
StrandedData,5698sTS.Human.Kidney.16w.Male,0.030083415,1.304206864,0.070666245,0.102093954,0.027446117,0.158824311
StrandedData,5553sTS.Human.Brain.17ypb.Male,0.058255208,2.999505394,0.091124976,0.16181394,0.055854463,0.217124735
StrandedData,5522sTS.Human.Cerebellum.39ypb.Male,0.052945993,4.843428044,0.091018933,0.097530343,0.059802742,0.234461393
StrandedData,2027sTS.Human.Heart.CS21.Male,0.033708734,2.016765343,0.07817737,0.061015504,0.03532451,0.172375256
StrandedData,2018sTSm.Human.Ovary.CS22.Female,0.050779094,1.925320563,0.088161891,0.084592051,0.043995388,0.194528527
StrandedData,5534sTS.Human.Cerebellum.16ypb.Male,0.057100362,4.52609914,0.080701662,0.099831587,0.059631909,0.231076344
StrandedData,5926sTS.Human.Testis.9w.Male,0.046773652,2.04643851,0.083910141,0.086566688,0.039443157,0.209926293
StrandedData,5564sTS.Human.Testis.14ypb.Male,0.046280309,2.743472269,0.072298902,0.085656954,0.045766937,0.191733021
StrandedData,5960sTS.Human.Brain.19w.Male,0.052531849,1.660626636,0.117527333,0.088529344,0.045242292,0.247130814
StrandedData,5537sTS.Human.Brain.8ypb.Male,0.052353297,2.712625526,0.072841834,0.148513599,0.052067013,0.203110933
StrandedData,2033sTS.Human.Hindbrain.CS22.Female,0.040432823,2.172462408,0.084701959,0.067514389,0.041591969,0.185367737
StrandedData,2025sTSb.Human.Liver.10w.Male,0.041726707,1.245841055,0.068438794,0.080426822,0.032844752,0.163415912
StrandedData,2037sTSb.Human.Heart.8w.Male,0.038597382,2.064425574,0.062491859,0.058170478,0.031497005,0.158735925
StrandedData,5628sTS.Human.Forebrain.5w.Female,0.044131239,1.906295671,0.162071118,0.073337717,0.038692518,0.238346113
StrandedData,2094sTS.Human.Liver.10w.Female,0.042919654,1.899806435,0.09610093,0.092162273,0.047644325,0.197381335
StrandedData,3677sTS.Human.Testis.CS18.Male,0.03718351,1.609804761,0.081564444,0.107813104,0.029505973,0.157826468
StrandedData,5935sTS.Human.Testis.12w.Male,0.039453448,2.073055399,0.202097341,0.07024919,0.035374334,0.254742081
StrandedData,3638sTS.Human.Heart.CS21.Male,0.037257087,1.13251796,0.07466001,0.08896953,0.031924269,0.176176522
StrandedData,5930sTS.Human.Kidney.10w.Female,0.032999469,1.458557913,0.060769531,0.07114852,0.026522634,0.165767185
StrandedData,3769sTS.Human.Hindbrain.12w.Male,0.045288771,2.549314348,0.135069659,0.121544257,0.037855258,0.190760152
StrandedData,2076sTS.Human.Liver.CS18.Male,0.052979018,1.695248743,0.113568541,0.122918587,0.054574893,0.228855075
StrandedData,5551sTS.Human.Liver.39ypb.Male,0.071053658,3.400815351,0.138414535,0.137712125,0.074137671,0.262517323
StrandedData,5545sTS.Human.Cerebellum.14ypb.Male,0.055157403,4.395312427,0.080386237,0.097088893,0.056984592,0.219140991
StrandedData,5569sTS.Human.Brain.7ypb.Male,0.049394273,3.49686996,0.071456144,0.094995412,0.049418171,0.190698206
StrandedData,5656sTS.Human.Liver.16w.Male,0.030647386,1.240748403,0.066443063,0.069521783,0.025923026,0.144954614
StrandedData,5542sTS.Human.Brain.19dpb.Female,0.052497645,3.509497707,0.078255115,0.117134777,0.053324775,0.210291119
StrandedData,5848sTS.Human.Cerebellum.0dpb.Female,0.044300806,2.261341325,0.136150024,0.14315563,0.036111525,0.237791674
StrandedData,5711sTS.Human.Forebrain.13w.Male,0.03560895,2.390666931,0.057354781,0.075513824,0.035170467,0.14440147
StrandedData,5956sTS.Human.Hindbrain.16w.Female,0.044354432,3.896766165,0.082883799,0.0741661,0.046460434,0.212021864
StrandedData,5517sTS.Human.Brain.50ypb.Male,0.051024035,3.110605854,0.071428533,0.126044031,0.048654271,0.189101259
StrandedData,5721sTS.Human.Forebrain.12w.Male,0.033724377,1.483151032,0.074289347,0.090784207,0.030358997,0.159090403
StrandedData,2015sTSb.Human.Testis.CS21.Male,0.042701978,2.200919185,0.072498968,0.062429537,0.037013415,0.173026716
StrandedData,3668sTS.Human.Hindbrain.11w.Male,0.038816542,2.311913726,0.071401565,0.095213715,0.035315816,0.164159768
StrandedData,6100sTS.Human.Heart.4ypb.Female,0.062518851,1.420070762,1.087421326,0.396667962,0.048866734,1.06211716
StrandedData,5514sTS.Human.Brain.58ypb.Male,0.052052815,3.147270766,0.090002809,0.1358648,0.054748108,0.213644286
StrandedData,5910sTS.Human.Liver.4w.Male,0.039981333,2.00754526,0.087502901,0.092324808,0.032680691,0.197168847
StrandedData,3672sTS.Human.Hindbrain.CS18.Male,0.036481549,1.307177791,0.069982732,0.08788345,0.032507904,0.160066355
StrandedData,5837sTS.Human.Brain.4ypb.Male,0.118499819,2.499916356,3.005090289,0.317451828,0.078225295,2.423746577
StrandedData,3585sTS.Human.Heart.12w.Female,0.045405499,0.874979661,0.552249127,0.082867552,0.034396171,0.477366548
StrandedData,6106sTS.Human.Liver.55ypb.Male,0.050200908,3.334414706,0.150045678,0.103189499,0.050154622,0.266920766
StrandedData,5846sTS.Human.Cerebellum.4ypb.Male,0.055306208,4.943345035,0.091036138,0.095898758,0.058800491,0.242984573
StrandedData,5777sTS.Human.Heart.19w.Male,0.024816308,1.303527432,0.041233722,0.058207332,0.023767851,0.106700091
StrandedData,5540sTS.Human.Cerebellum.29ypb.Male,0.062492327,4.342036187,0.088062367,0.0943906,0.061832018,0.238527758
StrandedData,5772sTS.Human.Liver.20w.Female,0.031876209,1.383982459,0.054389812,0.077318679,0.028620138,0.138353419
StrandedData,2046sTSb.Human.Liver.11w.Male,0.036402563,1.241621936,0.063928488,0.070953577,0.029871906,0.140380628
StrandedData,5562sTS.Human.Cerebellum.8ypb.Male,0.045989103,3.857376244,0.067198291,0.078991959,0.049449393,0.195423237
StrandedData,5700sTS.Human.Heart.16w.Male,0.032744525,1.355386704,0.103898183,0.106212235,0.026987009,0.175287046
StrandedData,2072sTSm.Human.Liver.9w.Male,0.043366365,1.233466804,0.0937472,0.101056846,0.038705815,0.187260742
StrandedData,5661sTS.Human.Kidney.16w.Female,0.032430572,1.894165833,0.059737434,0.072029581,0.029118808,0.139334125
StrandedData,3572sTS.Human.Hindbrain.CS20.Female,0.036107934,1.487380351,0.065277747,0.065789147,0.029287914,0.143101375
StrandedData,5709sTS.Human.Kidney.10w.Female,0.038973353,2.014146837,0.071347818,0.092962289,0.034564597,0.173578169
StrandedData,5955sTS.Human.Forebrain.13w.Female,0.036008185,1.589444463,0.081362359,0.066960583,0.030942222,0.181437501
StrandedData,5958sTS.Human.Testis.5w.Male,0.060548618,1.982625467,0.123332897,0.103076029,0.05576529,0.276584663
StrandedData,6104sTS.Human.Kidney.6mpb.Male,0.05036282,3.713868325,0.109784615,0.117771019,0.046729804,0.219960026
StrandedData,2041sTSb.Human.Brain.9w.Male,0.038805031,1.453050523,0.066420872,0.063232971,0.030989907,0.151351039
StrandedData,1437sTS.Human.Heart.11w.Male,0.034810902,1.024422952,0.074336725,0.062808547,0.032130264,0.17264181
StrandedData,2026sTSm.Human.Forebrain.CS21.Male,0.040815001,2.145176982,0.113726337,0.072038716,0.038070424,0.213990284
StrandedData,5914sTS.Human.Ovary.4w.Female,0.034925022,2.357129987,0.06515549,0.084873597,0.027264498,0.158813724
StrandedData,5905sTS.Human.Heart.94dpb.Male,0.053369611,1.299466412,0.491911417,0.152494416,0.036727213,0.493520164
StrandedData,6042sTS.Human.Heart.25ypb.Male,0.062960513,2.475033363,0.377324629,0.153082808,0.052215573,0.361541288
StrandedData,2019sTSm.Human.Liver.8w.Male,0.046208357,2.271964168,0.137710317,0.087517853,0.043241104,0.236322538
StrandedData,6047sTS.Human.Cerebellum.32ypb.Female,0.062298519,4.755326479,0.095268456,0.161134975,0.065446219,0.257451359
StrandedData,6096sTS.Human.Forebrain.4w.Male,0.041253903,1.55765215,0.076121774,0.090457066,0.033669703,0.167502754
StrandedData,5622sTS.Human.Hindbrain.4w.Female,0.040680584,1.569757631,0.071368932,0.089941639,0.036196294,0.170007279
StrandedData,5665sTSm.Human.Forebrain.16w.Female,0.036657677,1.752087764,0.065687288,0.082838835,0.030619982,0.15111068
StrandedData,5639sTS.Human.Ovary.6w.Female,0.035849109,1.97914821,0.100805318,0.092939984,0.030837434,0.173451045
StrandedData,1988sTS.Human.Testis.10w.Male,0.049582968,1.422092403,0.100924381,0.148405193,0.040895044,0.207191992
StrandedData,5696sTS.Human.Heart.13w.Male,0.029761152,0.753994673,0.121437984,0.104652924,0.026346331,0.184172923
StrandedData,5518sTS.Human.Testis.55ypb.Male,0.034832258,1.071412394,0.066850598,0.085706434,0.033268108,0.146838061
StrandedData,5575sTS.Human.Liver.17ypb.Male,0.064310096,2.190384593,0.102063927,0.171762967,0.067855394,0.299395857
StrandedData,5822sTS.Human.Heart.13ypb.Male,0.059380919,2.099407101,1.042413141,0.158160896,0.043280387,0.849340027
StrandedData,2040sTS.Human.Hindbrain.9w.Male,0.042700978,1.323438202,0.0873055,0.075752385,0.042122466,0.183897191
StrandedData,2029sTSb.Human.Hindbrain.CS21.Male,0.041452845,2.224679975,0.064843147,0.06015186,0.033943073,0.164977988
StrandedData,5911sTS.Human.KidneyTestis.4w.Male,0.037754108,2.101539711,0.077880386,0.082909992,0.030573124,0.190507483
StrandedData,2031sTS.Human.Hindbrain.CS22.Male,0.035526852,1.536357669,0.075527348,0.064884873,0.036437536,0.164263617
StrandedData,1443sTSm.Human.Heart.CS23.Male,0.034366276,1.0883059,0.064585006,0.056429961,0.029600273,0.159367061
StrandedData,5552sTS.Human.Liver.271dpb.Male,0.073031733,2.835332433,0.266231608,0.134261666,0.064148803,0.309914331
StrandedData,2022sTSb.Human.Liver.9w.Male,0.037721667,1.176196039,0.066911189,0.074002043,0.030416783,0.145095632
StrandedData,5565sTS.Human.Cerebellum.17ypb.Male,0.047913441,4.010114375,0.072189528,0.08399449,0.049158344,0.206920104
StrandedData,5549sTS.Human.Cerebellum.50ypb.Male,0.059108469,4.520584036,0.084023129,0.09504379,0.06180235,0.23539144
StrandedData,5532sTS.Human.Brain.16ypb.Male,0.055577765,3.73453199,0.084543187,0.108666094,0.054341711,0.208548721
StrandedData,5544sTS.Human.Liver.15dpb.Female,0.063076546,2.806129063,0.109505058,0.109153711,0.06226908,0.26604064
StrandedData,5773sTS.Human.Liver.20w.Male,0.032862049,1.450082315,0.057785161,0.074320284,0.032032037,0.142377141
StrandedData,5894sTS.Human.Brain.15dpb.Female,0.043026615,2.858489654,0.204812715,0.073266413,0.038733327,0.266126884
StrandedData,3571sTS.Human.Forebrain.CS20.Female,0.035782763,1.396708002,0.072898002,0.053396066,0.02850433,0.146839311
StrandedData,2050sTS.Human.Forebrain.9w.Female,0.041297862,1.482568577,0.077389579,0.084767146,0.038682295,0.17635298
StrandedData,2048sTSm.Human.Hindbrain.11w.Male,0.035388609,2.371476011,0.068259799,0.058191807,0.034116583,0.158499357
StrandedData,2080sTS.Human.Brain.CS23.Male,0.062914509,2.076338882,0.106997601,0.083618809,0.048959901,0.21445223
StrandedData,3675sTS.Human.Heart.CS17.Female,0.036533784,2.207264265,0.071182472,0.111956434,0.030455268,0.151025369
StrandedData,5667sTS.Human.Forebrain.18w.Male,0.041237969,1.885277176,0.177052151,0.104696441,0.036199407,0.242159355
StrandedData,5775sTS.Human.Kidney.20w.Male,0.031512169,1.86352663,0.052907491,0.067583265,0.027464293,0.130644003
StrandedData,3777sTS.Human.Heart.10w.Male,0.038421797,0.979195878,0.141989322,0.098762632,0.026493005,0.204279637
StrandedData,5957sTS.Human.Kidney.18w.Female,0.055740108,2.111015964,0.279646477,0.09593659,0.048692913,0.373720758
StrandedData,5662sTS.Human.Kidney.18w.Female,0.037226461,1.896063195,0.074930481,0.090702561,0.032158804,0.159948821
StrandedData,5531sTS.Human.Brain.29ypb.Male,0.050623185,3.267426452,0.082330343,0.104424054,0.047959096,0.199346084
StrandedData,3640sTS.Human.Testis.CS21.Male,0.038613628,1.541928653,0.077119743,0.089342465,0.034751824,0.176670654
StrandedData,3590sTS.Human.Testis.CS13.Male,0.042444365,2.867598053,0.109730571,0.087739411,0.039263087,0.202191974
StrandedData,5674sTS.Human.Ovary.18w.Female,0.041221808,1.728279722,0.101742874,0.077419918,0.031841948,0.178614602
StrandedData,5913sTS.Human.Liver.4w.Female,0.033305106,2.549843774,0.075446354,0.076895117,0.029932005,0.176502627
StrandedData,5513sTS.Human.Liver.7ypb.Male,0.061468631,2.96523169,0.093508474,0.13282842,0.066303255,0.217479715
StrandedData,2039sTSm.Human.Heart.9w.Male,0.036018824,1.148051517,0.076994104,0.06683695,0.032787757,0.170982643
StrandedData,5769sTS.Human.Liver.19w.Male,0.031821559,1.192426685,0.052476628,0.073848613,0.030778392,0.137566205
StrandedData,5673sTS.Human.Ovary.16w.Female,0.040983673,2.08079971,0.076813446,0.081522228,0.033585472,0.162421022
StrandedData,6097sTS.Human.Hindbrain.4w.Male,0.042315123,1.555818769,0.074340689,0.087465362,0.034830424,0.165106264
StrandedData,5770sTS.Human.Brain.20w.Female,0.031178139,1.78988615,0.049252458,0.067328451,0.031142738,0.127197166
StrandedData,5642sTS.Human.Heart.5w.Female,0.03228223,2.176389953,0.070869378,0.081183611,0.029387984,0.153351177
StrandedData,5647sTS.Human.Kidney.11w.Female,0.048853984,1.861968274,0.105864711,0.091334117,0.046501307,0.192948805
StrandedData,5664sTS.Human.Forebrain.10w.Female,0.032171498,2.054164367,0.075253269,0.07135269,0.029449727,0.157554992
StrandedData,5934sTS.Human.Testis.11w.Male,0.046407121,1.692295868,0.078228585,0.081787524,0.0388478,0.211806101
StrandedData,5635sTS.Human.Hindbrain.5w.Female,0.03616589,1.952306654,0.069298925,0.070497692,0.030556606,0.157476637
StrandedData,5940sTS.Human.Testis.13w.Male,0.037756711,2.198778152,0.062660352,0.076075624,0.03362175,0.175138119
StrandedData,5645sTS.Human.Kidney.CS22.Female,0.031053456,1.72516532,0.060101282,0.079680884,0.026552373,0.137728323
StrandedData,5849sTS.Human.Cerebellum.6mpb.Female,0.051517256,2.740256399,0.198670563,0.215638438,0.047821357,0.307641581
StrandedData,5717sTS.Human.Kidney.5w.Female,0.035385435,1.484924214,0.068345544,0.090077324,0.031275633,0.158547333
StrandedData,6098sTS.Human.Kidney.18dpb.Female,0.049721101,3.451683485,0.147591674,0.095085086,0.049193414,0.267302218
StrandedData,3770sTS.Human.Heart.12w.Male,0.037133962,1.184538977,0.097991128,0.092076036,0.029933038,0.163421919
StrandedData,5543sTS.Human.Brain.2ypb.Female,0.062866932,3.085610443,0.09388097,0.164171601,0.063529752,0.257317776
StrandedData,3588sTS.Human.Heart.CS13.Male,0.036118327,2.719842278,0.089961616,0.059555028,0.033893066,0.172851795
StrandedData,5818sTS.Human.Heart.226dpb.Male,0.056885501,1.347566244,1.225023517,0.114855419,0.040372981,0.817901454
StrandedData,5850sTS.Human.Heart.6dpb.Male,0.042614791,1.014297762,0.289288096,0.125268184,0.028250029,0.303112423
StrandedData,5944sTS.Human.Ovary.13w.Female,0.037576553,1.480903216,0.055626701,0.073398855,0.031170874,0.15796033
StrandedData,2113sTS.Human.Heart.11w.Male,0.037984384,1.049950692,0.098963661,0.080313836,0.038945795,0.187305472
StrandedData,3775sTS.Human.Testis.12w.Male,0.055630412,2.612728952,0.20989407,0.152256207,0.048411239,0.283533483
StrandedData,3643sTS.Human.Heart.11w.Female,0.039706794,1.173412053,0.096518566,0.091672203,0.033086095,0.191531669
StrandedData,5843sTS.Human.Heart.0dpb.Female,0.050553517,1.827519459,0.450954137,0.132170512,0.041692997,0.422176344
StrandedData,3644sTS.Human.Ovary.11w.Female,0.04337535,2.180997702,0.093948632,0.093685442,0.039140116,0.194237765
StrandedData,5573sTS.Human.Cerebellum.58ypb.Male,0.047968634,4.232698993,0.074404116,0.094278398,0.05084302,0.207701541
StrandedData,5523sTS.Human.Testis.270dpb.Male,0.049701881,3.690794343,0.088434499,0.094514405,0.050038843,0.210897967
StrandedData,2089sTS.Human.Hindbrain.CS18.Male,0.038062394,1.52431751,0.072133143,0.091843574,0.031815565,0.168492238
StrandedData,5658sTS.Human.Heart.16w.Female,0.02867132,1.216502519,0.058553904,0.06155684,0.022242986,0.13046035
StrandedData,6103sTS.Human.Kidney.6mpb.Female,0.049191446,2.813361353,0.14684496,0.227766109,0.050177747,0.269186395
StrandedData,5557sTS.Human.Brain.53ypb.Male,0.061639561,3.640356011,0.08203777,0.116456351,0.060180074,0.20255243
StrandedData,5640sTS.Human.Liver.5w.Female,0.036862862,2.684218172,0.094843495,0.090954832,0.031766932,0.178127329
StrandedData,5783sTS.Human.Heart.19w.Female,0.033089392,1.180916923,0.059459825,0.081387943,0.029206017,0.138738367
StrandedData,5652sTS.Human.Testis.16w.Male,0.065992697,2.07276991,0.098709947,0.122348219,0.066580629,0.196163344
StrandedData,5951sTS.Human.Forebrain.16w.Male,0.030865544,1.777564575,0.056750044,0.064931691,0.027086981,0.157674141
StrandedData,5676sTS.Human.Kidney.CS23.Male,0.039222382,2.353166314,0.073913545,0.083890329,0.031849886,0.155692669
StrandedData,5570sTS.Human.Brain.13ypb.Male,0.047707848,3.238238071,0.089983955,0.134960297,0.054349513,0.225209307
StrandedData,5536sTS.Human.Liver.29ypb.Male,0.056183304,3.489843567,0.091299772,0.100954271,0.059080953,0.240587407
StrandedData,3639sTS.Human.Liver.CS21.Male,0.037980483,1.30414682,0.088008094,0.091486957,0.033226887,0.18332339
StrandedData,2014sTS.Human.Liver.CS21.Male,0.038615717,2.012111083,0.078393946,0.070356189,0.0396061,0.179932802
StrandedData,5626sTS.Human.Liver.4w.Male,0.043012701,1.798009951,0.10568767,0.081050584,0.038501632,0.194550776
StrandedData,6043sTS.Human.Heart.54ypb.Male,0.060114822,3.035446745,0.229790794,0.218162087,0.062164009,0.393204995
StrandedData,5936sTS.Human.Ovary.12w.Female,0.034976708,1.791389741,0.057263599,0.064026025,0.028287724,0.160214964
StrandedData,5546sTS.Human.Testis.17ypb.Male,0.047777459,1.5464633,0.075211849,0.097543886,0.043946057,0.189478516
StrandedData,3655sTS.Human.Testis.10w.Male,0.039999748,1.877074897,0.069162612,0.093112348,0.034305116,0.166662626
StrandedData,5925sTS.Human.Kidney.9w.Male,0.032124925,1.82605676,0.056084164,0.066684509,0.030130107,0.164847066
StrandedData,5943sTS.Human.Hindbrain.13w.Female,0.040014707,1.637967556,0.071273506,0.080214454,0.031969691,0.180304772
StrandedData,5671sTS.Human.Hindbrain.16w.Male,0.046225343,2.867227982,0.103638845,0.081700435,0.038702601,0.195921981
StrandedData,1439sTS.Human.Kidney.11w.Male,0.036786035,1.552161851,0.07616919,0.065462066,0.034761784,0.174060305
StrandedData,5566sTS.Human.Testis.29ypb.Male,0.035550759,1.142615235,0.05606518,0.089320532,0.035469428,0.148978485
StrandedData,3676sTS.Human.Liver.CS17.Female,0.039783999,2.098537884,0.074313565,0.112455438,0.031104896,0.162307513
StrandedData,5694sTS.Human.Testis.16w.Male,0.055003417,1.714574997,0.374845388,0.143583538,0.048273817,0.43445519
StrandedData,5782sTS.Human.Brain.19w.Female,0.031920046,2.17184139,0.045347846,0.071592274,0.032375445,0.126435559
StrandedData,2047sTS.Human.Forebrain.11w.Male,0.0342482,1.638731571,0.078228057,0.064561141,0.03763641,0.169969113
StrandedData,5511sTS.Human.Cerebellum.13ypb.Male,0.054701724,4.707397299,0.080826068,0.109445695,0.064708501,0.226988972
StrandedData,3670sTS.Human.Hindbrain.CS16.Male,0.037298914,1.529593507,0.07956397,0.093450383,0.032185286,0.171977206
StrandedData,5641sTS.Human.Liver.18w.Female,0.031363741,1.426033736,0.115829856,0.087390904,0.026910424,0.166134626
StrandedData,6107sTS.Human.Testis.28ypb.Male,0.040829643,1.583040891,0.285625323,0.085425007,0.033673611,0.371335004
StrandedData,5648sTS.Human.Kidney.12w.Female,0.065903673,2.570326668,0.102900219,0.121408454,0.065263632,0.202539715
StrandedData,5535sTS.Human.Testis.29ypb.Male,0.039543073,1.377898044,0.062201294,0.076241402,0.03720214,0.16043585
StrandedData,5550sTS.Human.Testis.39ypb.Male,0.046850663,1.677684732,0.070634194,0.109977891,0.044194053,0.167659361
StrandedData,2083sTSm.Human.Ovary.CS23.Female,0.048540275,1.665367229,0.079130548,0.086772646,0.038288986,0.175314272
StrandedData,5908sTS.Human.Brain.29ypb.Male,0.057791953,3.190218134,0.269403695,0.116302489,0.048149777,0.320504558
StrandedData,5644sTS.Human.Kidney.7w.Female,0.034780242,1.329705983,0.12549403,0.093599877,0.029089274,0.200612509
StrandedData,5821sTS.Human.Kidney.2ypb.Male,0.045359153,2.956935475,0.175413987,0.102442082,0.040479993,0.257332794
StrandedData,3654sTS.Human.Liver.10w.Male,0.035524933,1.22180849,0.087170875,0.096286776,0.027002908,0.166368722
StrandedData,5688sTS.Human.Kidney.18w.Male,0.036418444,1.112068661,0.119544762,0.120505093,0.036809062,0.257697965
StrandedData,5516sTS.Human.Cerebellum.53ypb.Male,0.06797848,5.191811908,0.103514678,0.130800861,0.076140813,0.264797736
StrandedData,5510sTS.Human.Cerebellum.4dpb.Male,0.050179884,3.200722207,0.074680432,0.11344171,0.052007123,0.205898881
StrandedData,5571sTS.Human.Liver.58ypb.Male,0.05357372,3.243476781,0.146178414,0.118790236,0.056912356,0.251760375
StrandedData,2053sTS.Human.Liver.9w.Female,0.039374708,1.489048446,0.076608696,0.112405642,0.041801651,0.175810492
StrandedData,5654sTS.Human.Liver.16w.Female,0.03265481,1.437961306,0.098119714,0.067234057,0.027985997,0.164508787
StrandedData,5892sTS.Human.Brain.4dpb.Male,0.050079273,2.534367654,0.097260983,0.135568361,0.038333959,0.21889377
StrandedData,5841sTS.Human.Testis.1ypb.Male,0.053377671,3.644410962,0.379374794,0.087256867,0.049351437,0.384205714
StrandedData,6095sTS.Human.Testis.46ypb.Male,0.035648694,1.377237229,0.054697727,0.075331665,0.029117778,0.121406335
StrandedData,5953sTS.Human.Forebrain.11w.Female,0.037987603,1.476905619,0.145646761,0.071844471,0.032014245,0.225365213
StrandedData,5904sTS.Human.Brain.4ypb.Male,0.063207587,3.304540238,0.648451325,0.120904002,0.0527815,0.647785025
StrandedData,3669sTS.Human.Forebrain.CS16.Male,0.030020513,1.540437681,0.062046721,0.082544758,0.027038824,0.146230791
StrandedData,6105sTS.Human.Kidney.6mpb.Male,0.044987034,2.841786672,0.107409911,0.124197053,0.040501324,0.209527786
StrandedData,3636sTS.Human.Forebrain.CS21.Male,0.037341448,1.383790334,0.07075557,0.087617624,0.033926737,0.164615475
StrandedData,5939sTS.Human.Forebrain.13w.Male,0.039421856,2.035772045,0.066053818,0.082916667,0.034833601,0.176215619
StrandedData,5952sTS.Human.Forebrain.11w.Male,0.033689928,1.447918499,0.125021926,0.068881232,0.028676582,0.208101241
StrandedData,2051sTSm.Human.Heart.9w.Female,0.037086991,1.130239326,0.071645008,0.076133187,0.029831102,0.160990987
StrandedData,3653sTS.Human.Hindbrain.10w.Male,0.034126603,2.05868446,0.060843041,0.089045161,0.031357797,0.151277747
StrandedData,5844sTS.Human.Kidney.0dpb.Female,0.048973816,2.235480016,0.305412205,0.110963979,0.044922877,0.327086116
StrandedData,2044sTS.Human.Heart.11w.Male,0.032571814,1.069107128,0.074562049,0.060077775,0.032817277,0.164194527
StrandedData,5828sTS.Human.Heart.6mpb.Female,0.044694737,1.280478053,0.208807819,0.116065684,0.034475123,0.256767559
StrandedData,1991sTS.Human.Testis.CS23.Male,0.04953439,1.458617792,0.151669776,0.17768006,0.042672126,0.247342928
StrandedData,2081sTS.Human.Heart.CS23.Female,0.056359582,1.185463555,0.094754656,0.078918864,0.04108671,0.193221234
StrandedData,3587sTS.Human.Forebrain.CS13.Male,0.036407229,2.61983724,0.066523381,0.062533174,0.033424441,0.156819358
StrandedData,6101sTS.Human.Kidney.4ypb.Female,0.049840581,2.584156569,0.141515553,0.235572496,0.048901941,0.254986445
StrandedData,2082sTSb.Human.Hindbrain.CS23.Female,0.038620298,1.860338381,0.061989429,0.062856794,0.029099204,0.144804114
StrandedData,5527sTS.Human.Cerebellum.19dpb.Female,0.048745313,3.459338845,0.083923326,0.109115288,0.051175017,0.213517324
StrandedData,3774sTS.Human.Ovary.12w.Female,0.046800704,2.431403447,0.088490851,0.124028818,0.038623279,0.169391357
StrandedData,3573sTS.Human.Heart.CS20.Female,0.033684793,1.213309827,0.087110933,0.06378932,0.026738768,0.149921743
StrandedData,5651sTS.Human.Kidney.12w.Male,0.057454673,1.858961929,0.106955286,0.104783594,0.053698161,0.196871268
StrandedData,3589sTS.Human.Liver.CS13.Male,0.045570177,2.97593162,0.090834479,0.093783097,0.043111169,0.20790899
StrandedData,5512sTS.Human.Liver.58ypb.Male,0.060570465,3.208047154,0.094014303,0.152490098,0.062188261,0.237263481
StrandedData,3575sTS.Human.Ovary.CS20.Female,0.050394909,1.791568031,0.109969389,0.07438071,0.043099763,0.218197528
StrandedData,5526sTS.Human.Testis.16ypb.Male,0.03954372,1.432822081,0.066709168,0.103029815,0.039916138,0.166882912
StrandedData,6099sTS.Human.Kidney.8ypb.Female,0.050904111,3.121554139,0.153743093,0.210092325,0.050908357,0.281455816
StrandedData,5942sTS.Human.Heart.13w.Female,0.034131917,0.749753324,0.080658432,0.071282715,0.027394459,0.18338708
StrandedData,5668sTS.Human.Brain.20w.Male,0.043813017,1.735228752,0.182578006,0.113305969,0.035677423,0.236662022
StrandedData,5697sTS.Human.Kidney.13w.Female,0.035355511,1.587697421,0.079738035,0.120027781,0.031818552,0.178660295
StrandedData,5659sTS.Human.Heart.13w.Male,0.035671044,1.590946834,0.093357778,0.071898399,0.029604632,0.176935068
StrandedData,3586sTS.Human.Heart.CS14.Female,0.038897344,2.715495464,0.084067135,0.059864023,0.035677435,0.175036118
StrandedData,6048sTS.Human.Brain.28ypb.Male,0.052561355,3.387584995,0.118628982,0.164001769,0.048286418,0.211860478
StrandedData,5669sTS.Human.Hindbrain.16w.Female,0.038156456,2.666403419,0.068429803,0.089407689,0.035171129,0.160477756